<?xml version="1.0" encoding="UTF-8"?>
<!--
   Copyright (c) 2022, WSO2 LLc. (http://www.wso2.org) All Rights Reserved.

   WSO2 Inc. licenses this file to you under the Apache License,
   Version 2.0 (the "License"); you may not use this file except
   in compliance with the License.
   You may obtain a copy of the License at

   http://www.apache.org/licenses/LICENSE-2.0

   Unless required by applicable law or agreed to in writing,
   software distributed under the License is distributed on an
   "AS IS" BASIS, WITHOUT WARRANTIES OR CONDITIONS OF ANY
   KIND, either express or implied. See the License for the
   specific language governing permissions and limitations
   under the License.
-->
<component name="blobs" type="synapse/template">
    <subComponents>
        <component name="listBlobs">
            <file>listBlobs.xml</file>
            <description>Gets the list of all blobs.</description>
        </component>
        <component name="uploadBlob">
            <file>uploadBlob.xml</file>
            <description>Uploads the blob into the Azure storage.</description>
        </component>
        <component name="deleteBlob">
            <file>deleteBlob.xml</file>
            <description>Deletes the blob from the Azure storage.</description>
        </component>
        <component name="downloadBlob">
            <file>downloadBlob.xml</file>
            <description>Downloads the blob from the Azure storage.</description>
        </component>
    </subComponents>
</component>