<!--
   Copyright (c) 2018, WSO2 Inc. (http://www.wso2.org) All Rights Reserved.

   WSO2 Inc. licenses this file to you under the Apache License,
   Version 2.0 (the "License"); you may not use this file except
   in compliance with the License.
   You may obtain a copy of the License at

   http://www.apache.org/licenses/LICENSE-2.0

   Unless required by applicable law or agreed to in writing,
   software distributed under the License is distributed on an
   "AS IS" BASIS, WITHOUT WARRANTIES OR CONDITIONS OF ANY
   KIND, either express or implied. See the License for the
   specific language governing permissions and limitations
   under the License.
-->
<template xmlns="http://ws.apache.org/ns/synapse" name="uploadBlob">
    <parameter name="containerName" description="The name of the container."/>
    <parameter isMandatory="false" name="filePath" description="The path of the file to be uploaded."/>
    <parameter isMandatory="false" name="textContent" description="Text content to be uploaded (without using a file)."/>
    <parameter name="fileName" description="The name of the file."/>
    <parameter name="blobContentType" description="The Content-type of the file to be uploaded"/>
    <parameter isMandatory="false" name="metadata" description="The metadata of the blob." />
    <sequence>
        <property name="containerName" expression="$func:containerName"/>
        <property name="filePath" expression="$func:filePath"/>
        <property name="textContent" expression="$func:textContent"/>
        <property name="fileName" expression="$func:fileName"/>
        <property name="blobContentType" expression="$func:blobContentType"/>
        <property name="metadata" expression="$func:metadata"/>
        <class name="org.wso2.carbon.connector.azure.storage.BlobUploader"/>
    </sequence>
</template>
